{
    "MSE": 2898.4366729135236,
    "RMSE": 53.83713098701976,
    "R2_Score": 0.4529343796683363,
    "MAE": 44.60329704365656
}