{
    "MSE": 2898.4366729135227,
    "RMSE": 53.837130987019755,
    "R2_Score": 0.4529343796683364,
    "MAE": 44.60329704365656
}